01953730b8fa8cb77d36e4d2dc6ddae0,0ab516d7366b2b9ef99aad149fd3f53d,10c17d5a013ec58dbf50349bb4bbdfe3,167f16c8ae349cfb7d450cdf335dd9ca,19aede0ea4d45e08ee8ea4991f7e8715,2015-11-30-Angler-EK-malware-payload-CryptoWall.exe @ 2015-11-30-Angler-EK-sends-CryptoWall-malware-and-artifacts.zip,2d814564ff4574bd423496bdd6105c24,2f10e1fa578735fee822feb0b8f8a75b,31c2d25d7d0d0a175d4e59d0b3b2ec94,36c9e93d10110f0730f0d01a70fe5b34,3b99b8fc9dbed7362325644548829451,3cb5116952301ea95141755ed3410982,4006e5ff33256d2a0baadf45d91c0d3b,4211d94ebfaa799ff390f8d5d7f51dc6,47363b94cee907e2b8926c1be61150c7,48e4daf494e4fa2577d8fa94b7b89e35,50b282e2e60d6eff77fde8e85f4b93d3,5384f752e3a2b59fad9d0f143ce0215a,540899b90840ba0d5eeb276a1ce4abea,58006b9382d532f82535454e78c8ad7c,59ee47b77fa1cf7caee605beadc053cc,60f1d40f93d241189053c9091219388e,679418e9a1d3b67f430f39739aa6b9f5,6daff56b1c5429b7460dcf836803bea3,785a10c39b0fb58c347db9ccefe17435,94264d813b6f70e68c682f438c36a64e,b42c038de240d61952b7bce8cba68305,b6c7943c056ace5911b95d36ff06e0e4,baf54c9a42206df8892c2d6c5b0686de,c36dbf5054e30618bda79b74e726bc09,c40c5bcb6c4cceadca53b2ca29a7fe0b,c99011bacaba55a151f75a2e6e16fd79,cdf6b3561c8e2bba2321e5c5b21271fb,ce80fbdcb4bea4d826ee438187608427,cfae0bd21d65555d06016f17487b2a75,Crypt.exe @ Crypt.bin.zip,d3cda70f2c3f2f2728edd3520f70516c,d83355cd727138a0918b97f04aff301f,d9993ab7397f5d2a34f786b54fc55b2c,dcce63ae6b7671f00e05a8090acfecb7,df802416e605d12b4f0279ec2f6493a9,e28a0ed74e78e75710b0d46742e407e3,e86daca8abdaf5915d5b93283b62e954,edb77bb831dbdeed3477f7078454daa6,f03af367bd146e448131a7ec8f332f83,fdb8a3efa5c78e7067c61c92c8583ac2,HELP_YOUR_FILES.HTML @ 2015-11-30-Angler-EK-sends-CryptoWall-malware-and-artifacts.zip
,,,,,,,,,,,,,,,,,,,,,,,,,,,,,,,,,,,,,,,,,,,,,,
,,,,,,,,,,,,,,,,,,,,,,,,,,,,,,,,,,,,,,,,,,,,,,
01953730b8fa8cb77d36e4d2dc6ddae0,,,,,,,,,,,,,,,,,,,,,,,,,,,,,,,,,,,,,,,,,,,,,,
0ab516d7366b2b9ef99aad149fd3f53d,,,,,,,,,,,,,,,,,,,,,,,,,,,,,,,,,,,,,,,,,,,,,,
10c17d5a013ec58dbf50349bb4bbdfe3,,,,,,,,,,,,,,,,,,,,,,,,,,,,,,,,,,,,,,,,,,,,,,
167f16c8ae349cfb7d450cdf335dd9ca,,,,,,,,,,,,,,,,,,,,,,,,,,,,,,,,,,,,,,,,,,,,,,
19aede0ea4d45e08ee8ea4991f7e8715,,,,,,,,,,,,,,,,,,,,,,,,,,,,,,,,,,,,,,,,,,,,,,
2015-11-30-Angler-EK-malware-payload-CryptoWall.exe @ 2015-11-30-Angler-EK-sends-CryptoWall-malware-and-artifacts.zip,,,,,,,,,,,,,,,,,,,,,,,,,,,,,,,,,,,,,,,,,,,,,,
2d814564ff4574bd423496bdd6105c24,,,,,,,,,,,,,,,,,,,,,,,,,,,,,,,,,,,,,,,,,,,,,,
2f10e1fa578735fee822feb0b8f8a75b,,,,,,,,,,,,,,,,,,,,,,,,,,,,,,,,,,,,,,,,,,,,,,
31c2d25d7d0d0a175d4e59d0b3b2ec94,,,,,,,,,,,,,,,,,,,,,,,,,,,,,,,,,,,,,,,,,,,,,,
36c9e93d10110f0730f0d01a70fe5b34,,,,,,,,,,,,,,,,,,,,,,,,,,,,,,,,,,,,,,,,,,,,,,
3b99b8fc9dbed7362325644548829451,,,,,,,,,,,,,,,,,,,,,,,,,,,,,,,,,,,,,,,,,,,,,,
3cb5116952301ea95141755ed3410982,,,,,,,,,,,,,,,,,,,,,,,,,,,,,,,,,,,,,,,,,,,,,,
4006e5ff33256d2a0baadf45d91c0d3b,,,,,,,,,,,,,,,,,,,,,,,,,,,,,,,,,,,,,,,,,,,,,,
4211d94ebfaa799ff390f8d5d7f51dc6,,,,,,,,,,,,,,,,,,,,,,,,,,,,,,,,,,,,,,,,,,,,,,
47363b94cee907e2b8926c1be61150c7,,,,,,,,,,,,,,,,,,,,,,,,,,,,,,,,,,,,,,,,,,,,,,
48e4daf494e4fa2577d8fa94b7b89e35,,,,,,,,,,,,,,,,,,,,,,,,,,,,,,,,,,,,,,,,,,,,,,
50b282e2e60d6eff77fde8e85f4b93d3,,,,,,,,,,,,,,,,,,,,,,,,,,,,,,,,,,,,,,,,,,,,,,
5384f752e3a2b59fad9d0f143ce0215a,,,,,,,,,,,,,,,,,,,,,,,,,,,,,,,,,,,,,,,,,,,,,,
540899b90840ba0d5eeb276a1ce4abea,,,,,,,,,,,,,,,,,,,,,,,,,,,,,,,,,,,,,,,,,,,,,,
58006b9382d532f82535454e78c8ad7c,,,,,,,,,,,,,,,,,,,,,,,,,,,,,,,,,,,,,,,,,,,,,,
59ee47b77fa1cf7caee605beadc053cc,,,,,,,,,,,,,,,,,,,,,,,,,,,,,,,,,,,,,,,,,,,,,,
60f1d40f93d241189053c9091219388e,,,,,,,,,,,,,,,,,,,,,,,,,,,,,,,,,,,,,,,,,,,,,,
679418e9a1d3b67f430f39739aa6b9f5,,,,,,,,,,,,,,,,,,,,,,,,,,,,,,,,,,,,,,,,,,,,,,
6daff56b1c5429b7460dcf836803bea3,,,,,,,,,,,,,,,,,,,,,,,,,,,,,,,,,,,,,,,,,,,,,,
785a10c39b0fb58c347db9ccefe17435,,,,,,,,,,,,,,,,,,,,,,,,,,,,,,,,,,,,,,,,,,,,,,
94264d813b6f70e68c682f438c36a64e,,,,,,,,,,,,,,,,,,,,,,,,,,,,,,,,,,,,,,,,,,,,,,
b42c038de240d61952b7bce8cba68305,,,,,,,,,,,,,,,,,,,,,,,,,,,,,,,,,,,,,,,,,,,,,,
b6c7943c056ace5911b95d36ff06e0e4,,,,,,,,,,,,,,,,,,,,,,,,,,,,,,,,,,,,,,,,,,,,,,
baf54c9a42206df8892c2d6c5b0686de,,,,,,,,,,,,,,,,,,,,,,,,,,,,,,,,,,,,,,,,,,,,,,
c36dbf5054e30618bda79b74e726bc09,,,,,,,,,,,,,,,,,,,,,,,,,,,,,,,,,,,,,,,,,,,,,,
c40c5bcb6c4cceadca53b2ca29a7fe0b,,,,,,,,,,,,,,,,,,,,,,,,,,,,,,,,,,,,,,,,,,,,,,
c99011bacaba55a151f75a2e6e16fd79,,,,,,,,,,,,,,,,,,,,,,,,,,,,,,,,,,,,,,,,,,,,,,
cdf6b3561c8e2bba2321e5c5b21271fb,,,,,,,,,,,,,,,,,,,,,,,,,,,,,,,,,,,,,,,,,,,,,,
ce80fbdcb4bea4d826ee438187608427,,,,,,,,,,,,,,,,,,,,,,,,,,,,,,,,,,,,,,,,,,,,,,
cfae0bd21d65555d06016f17487b2a75,,,,,,,,,,,,,,,,,,,,,,,,,,,,,,,,,,,,,,,,,,,,,,
Crypt.exe @ Crypt.bin.zip,,,,,,,,,,,,,,,,,,,,,,,,,,,,,,,,,,,,,,,,,,,,,,
d3cda70f2c3f2f2728edd3520f70516c,,,,,,,,,,,,,,,,,,,,,,,,,,,,,,,,,,,,,,,,,,,,,,
d83355cd727138a0918b97f04aff301f,,,,,,,,,,,,,,,,,,,,,,,,,,,,,,,,,,,,,,,,,,,,,,
d9993ab7397f5d2a34f786b54fc55b2c,,,,,,,,,,,,,,,,,,,,,,,,,,,,,,,,,,,,,,,,,,,,,,
dcce63ae6b7671f00e05a8090acfecb7,,,,,,,,,,,,,,,,,,,,,,,,,,,,,,,,,,,,,,,,,,,,,,
df802416e605d12b4f0279ec2f6493a9,,,,,,,,,,,,,,,,,,,,,,,,,,,,,,,,,,,,,,,,,,,,,,
e28a0ed74e78e75710b0d46742e407e3,,,,,,,,,,,,,,,,,,,,,,,,,,,,,,,,,,,,,,,,,,,,,,
e86daca8abdaf5915d5b93283b62e954,,,,,,,,,,,,,,,,,,,,,,,,,,,,,,,,,,,,,,,,,,,,,,
edb77bb831dbdeed3477f7078454daa6,,,,,,,,,,,,,,,,,,,,,,,,,,,,,,,,,,,,,,,,,,,,,,
f03af367bd146e448131a7ec8f332f83,,,,,,,,,,,,,,,,,,,,,,,,,,,,,,,,,,,,,,,,,,,,,,
fdb8a3efa5c78e7067c61c92c8583ac2,,,,,,,,,,,,,,,,,,,,,,,,,,,,,,,,,,,,,,,,,,,,,,
HELP_YOUR_FILES.HTML @ 2015-11-30-Angler-EK-sends-CryptoWall-malware-and-artifacts.zip,,,,,,,,,,,,,,,,,,,,,,,,,,,,,,,,,,,,,,,,,,,,,,
