0265f31968e56500218d87b3a97fa5d5,05330fff36ad3e359be8bb2b33f09436,0575c8b5a4dd91d66b1a9f4e69c09c88,0bb1385d656a4f2ff99b05947f6521ed,10ccaa0de03a37805008451f1197a4d0,120add3ed0adada5851fb724442ff2b0,12aea17b5450e3bfc872c9f6fe6603da,1396bfd224b4b85597039916f1db6793,166244c2351bf9c164a887f48b53882a,18af2859c12ded43fc5145f7f007d26a,19a1bbed8aa6e5ba66a1003f9239768a,209a288c68207d57e0ce6e60ebf60729,280202f38891afea17ee10bb2fb77a86,2d2c589941dd477acc60f6b8433c3562,2e7f7cc9a815efd0a6590042ce27f6da,2fcf9c117e456ba2ebfa508b3fa9ab0a,338defcab008362265885efc84b66c64,3999736909019a7e305bc435eb4168fd,3abba64ff7043510d5a3c211c80bb749,3b99b8fc9dbed7362325644548829451,405b7042c71ae50fb0d1fc82aa590296,4b8c282a8d3033a976a42f9eaf046f94,50fd967b39315d95f02127a2f05f6326,51aca60e7164b144228f2ed9c73e8c64,61f05d9d65f657ccce4dda9b60a29dd0,64d8fd04c7d50c6094c67875225873d9,651fa231378060e192749f7c2a37c559,65a3fa520bed942e47efc8b14dba91ea,6a88042ae74947fa21ef73a7260b4090,6d3d62a4cff19b4f2cc7ce9027c33be8,6e080aa085293bb9fbdcc9015337d309,6f0a1919df4c5a1540202121faeb789b,706b60cdcb4d78e3dc44ad133639632a,71e065f64eb3b10a2ab2b629e3ff1cae,77f25d5c484921d4ebc29b3b33f378ac,795aa090240094ad58a6a567fb612db4,7a560951712cba7a42c2ba91b9e6c154,7af48228316ffd843533181646865b30,80b8411b1b2b94af31f9abebc45e12fd,8bd9598dbc54f7dd6683ff78c0b2183d,9842fe09d7897b323fc2588bc5d48359,993cac53e4cf21a1ba22e5e44c898a27,9ad23a7b836d0ae4e75fb427ce9d3a96,9cd70299c5f16642411c241c6dab45bd,9eeaa6c28bd07aa354a368538e94e85c,a9f29924410a14dea1eef8d75fed3b39,abd9de04608716a6c9daface0535b788,ac5942f452e1e3cfdeaf7673b0646d48,ada33ffe00dddd5df6ab716083b86d85,af0ead4e0484eec6a6e0418b68d4e474,b3c00819cc192c93b295e53cc5df37ce,b5ce3a994378b15278d5f78410393471,bb312126da8010e571d6691c8ff3ce2b,c0721e9ec8101b1781bc3c520668aaa6,c63e407af758ec6f0dadb11413b0826d,d37b597b798077359c723f6536a04eee,d40cecfbc85e3fd653649cff45c35412,d5a0c3c9cbd4164710bdf16fbd044687,d85f2ff7c5868b4733e1fa25502e9887,da0f578d8a4315f1c1cac2fa34482d77,e1cc300cb6cbf6c70d6b38633749d5b9,e27417c723a341a4c6dd88e350cca761,f3b12a197d732cda29d6d9e698ea58bf,ff5afcd8509b0e94a0577095bceeac70,no virustotal
,,,,,,,,,,,,,,,,,,,,,,,,,,,,,,,,,,,,,,,,,,,,,,,,,,,,,,,,,,,,,,,,
,,,,,,,,,,,,,,,,,,,,,,,,,,,,,,,,,,,,,,,,,,,,,,,,,,,,,,,,,,,,,,,,
0265f31968e56500218d87b3a97fa5d5,,,,,,,,,,,,,,,,,,,,,,,,,,,,,,,,,,,,,,,,,,,,,,,,,,,,,,,,,,,,,,,,
05330fff36ad3e359be8bb2b33f09436,,,,,,,,,,,,,,,,,,,,,,,,,,,,,,,,,,,,,,,,,,,,,,,,,,,,,,,,,,,,,,,,
0575c8b5a4dd91d66b1a9f4e69c09c88,,,,,,,,,,,,,,,,,,,,,,,,,,,,,,,,,,,,,,,,,,,,,,,,,,,,,,,,,,,,,,,,
0bb1385d656a4f2ff99b05947f6521ed,,,,,,,,,,,,,,,,,,,,,,,,,,,,,,,,,,,,,,,,,,,,,,,,,,,,,,,,,,,,,,,,
10ccaa0de03a37805008451f1197a4d0,,,,,,,,,,,,,,,,,,,,,,,,,,,,,,,,,,,,,,,,,,,,,,,,,,,,,,,,,,,,,,,,
120add3ed0adada5851fb724442ff2b0,,,,,,,,,,,,,,,,,,,,,,,,,,,,,,,,,,,,,,,,,,,,,,,,,,,,,,,,,,,,,,,,
12aea17b5450e3bfc872c9f6fe6603da,,,,,,,,,,,,,,,,,,,,,,,,,,,,,,,,,,,,,,,,,,,,,,,,,,,,,,,,,,,,,,,,
1396bfd224b4b85597039916f1db6793,,,,,,,,,,,,,,,,,,,,,,,,,,,,,,,,,,,,,,,,,,,,,,,,,,,,,,,,,,,,,,,,
166244c2351bf9c164a887f48b53882a,,,,,,,,,,,,,,,,,,,,,,,,,,,,,,,,,,,,,,,,,,,,,,,,,,,,,,,,,,,,,,,,
18af2859c12ded43fc5145f7f007d26a,,,,,,,,,,,,,,,,,,,,,,,,,,,,,,,,,,,,,,,,,,,,,,,,,,,,,,,,,,,,,,,,
19a1bbed8aa6e5ba66a1003f9239768a,,,,,,,,,,,,,,,,,,,,,,,,,,,,,,,,,,,,,,,,,,,,,,,,,,,,,,,,,,,,,,,,
209a288c68207d57e0ce6e60ebf60729,,,,,,,,,,,,,,,,,,,,,,,,,,,,,,,,,,,,,,,,,,,,,,,,,,,,,,,,,,,,,,,,
280202f38891afea17ee10bb2fb77a86,,,,,,,,,,,,,,,,,,,,,,,,,,,,,,,,,,,,,,,,,,,,,,,,,,,,,,,,,,,,,,,,
2d2c589941dd477acc60f6b8433c3562,,,,,,,,,,,,,,,,,,,,,,,,,,,,,,,,,,,,,,,,,,,,,,,,,,,,,,,,,,,,,,,,
2e7f7cc9a815efd0a6590042ce27f6da,,,,,,,,,,,,,,,,,,,,,,,,,,,,,,,,,,,,,,,,,,,,,,,,,,,,,,,,,,,,,,,,
2fcf9c117e456ba2ebfa508b3fa9ab0a,,,,,,,,,,,,,,,,,,,,,,,,,,,,,,,,,,,,,,,,,,,,,,,,,,,,,,,,,,,,,,,,
338defcab008362265885efc84b66c64,,,,,,,,,,,,,,,,,,,,,,,,,,,,,,,,,,,,,,,,,,,,,,,,,,,,,,,,,,,,,,,,
3999736909019a7e305bc435eb4168fd,,,,,,,,,,,,,,,,,,,,,,,,,,,,,,,,,,,,,,,,,,,,,,,,,,,,,,,,,,,,,,,,
3abba64ff7043510d5a3c211c80bb749,,,,,,,,,,,,,,,,,,,,,,,,,,,,,,,,,,,,,,,,,,,,,,,,,,,,,,,,,,,,,,,,
3b99b8fc9dbed7362325644548829451,,,,,,,,,,,,,,,,,,,,,,,,,,,,,,,,,,,,,,,,,,,,,,,,,,,,,,,,,,,,,,,,
405b7042c71ae50fb0d1fc82aa590296,,,,,,,,,,,,,,,,,,,,,,,,,,,,,,,,,,,,,,,,,,,,,,,,,,,,,,,,,,,,,,,,
4b8c282a8d3033a976a42f9eaf046f94,,,,,,,,,,,,,,,,,,,,,,,,,,,,,,,,,,,,,,,,,,,,,,,,,,,,,,,,,,,,,,,,
50fd967b39315d95f02127a2f05f6326,,,,,,,,,,,,,,,,,,,,,,,,,,,,,,,,,,,,,,,,,,,,,,,,,,,,,,,,,,,,,,,,
51aca60e7164b144228f2ed9c73e8c64,,,,,,,,,,,,,,,,,,,,,,,,,,,,,,,,,,,,,,,,,,,,,,,,,,,,,,,,,,,,,,,,
61f05d9d65f657ccce4dda9b60a29dd0,,,,,,,,,,,,,,,,,,,,,,,,,,,,,,,,,,,,,,,,,,,,,,,,,,,,,,,,,,,,,,,,
64d8fd04c7d50c6094c67875225873d9,,,,,,,,,,,,,,,,,,,,,,,,,,,,,,,,,,,,,,,,,,,,,,,,,,,,,,,,,,,,,,,,
651fa231378060e192749f7c2a37c559,,,,,,,,,,,,,,,,,,,,,,,,,,,,,,,,,,,,,,,,,,,,,,,,,,,,,,,,,,,,,,,,
65a3fa520bed942e47efc8b14dba91ea,,,,,,,,,,,,,,,,,,,,,,,,,,,,,,,,,,,,,,,,,,,,,,,,,,,,,,,,,,,,,,,,
6a88042ae74947fa21ef73a7260b4090,,,,,,,,,,,,,,,,,,,,,,,,,,,,,,,,,,,,,,,,,,,,,,,,,,,,,,,,,,,,,,,,
6d3d62a4cff19b4f2cc7ce9027c33be8,,,,,,,,,,,,,,,,,,,,,,,,,,,,,,,,,,,,,,,,,,,,,,,,,,,,,,,,,,,,,,,,
6e080aa085293bb9fbdcc9015337d309,,,,,,,,,,,,,,,,,,,,,,,,,,,,,,,,,,,,,,,,,,,,,,,,,,,,,,,,,,,,,,,,
6f0a1919df4c5a1540202121faeb789b,,,,,,,,,,,,,,,,,,,,,,,,,,,,,,,,,,,,,,,,,,,,,,,,,,,,,,,,,,,,,,,,
706b60cdcb4d78e3dc44ad133639632a,,,,,,,,,,,,,,,,,,,,,,,,,,,,,,,,,,,,,,,,,,,,,,,,,,,,,,,,,,,,,,,,
71e065f64eb3b10a2ab2b629e3ff1cae,,,,,,,,,,,,,,,,,,,,,,,,,,,,,,,,,,,,,,,,,,,,,,,,,,,,,,,,,,,,,,,,
77f25d5c484921d4ebc29b3b33f378ac,,,,,,,,,,,,,,,,,,,,,,,,,,,,,,,,,,,,,,,,,,,,,,,,,,,,,,,,,,,,,,,,
795aa090240094ad58a6a567fb612db4,,,,,,,,,,,,,,,,,,,,,,,,,,,,,,,,,,,,,,,,,,,,,,,,,,,,,,,,,,,,,,,,
7a560951712cba7a42c2ba91b9e6c154,,,,,,,,,,,,,,,,,,,,,,,,,,,,,,,,,,,,,,,,,,,,,,,,,,,,,,,,,,,,,,,,
7af48228316ffd843533181646865b30,,,,,,,,,,,,,,,,,,,,,,,,,,,,,,,,,,,,,,,,,,,,,,,,,,,,,,,,,,,,,,,,
80b8411b1b2b94af31f9abebc45e12fd,,,,,,,,,,,,,,,,,,,,,,,,,,,,,,,,,,,,,,,,,,,,,,,,,,,,,,,,,,,,,,,,
8bd9598dbc54f7dd6683ff78c0b2183d,,,,,,,,,,,,,,,,,,,,,,,,,,,,,,,,,,,,,,,,,,,,,,,,,,,,,,,,,,,,,,,,
9842fe09d7897b323fc2588bc5d48359,,,,,,,,,,,,,,,,,,,,,,,,,,,,,,,,,,,,,,,,,,,,,,,,,,,,,,,,,,,,,,,,
993cac53e4cf21a1ba22e5e44c898a27,,,,,,,,,,,,,,,,,,,,,,,,,,,,,,,,,,,,,,,,,,,,,,,,,,,,,,,,,,,,,,,,
9ad23a7b836d0ae4e75fb427ce9d3a96,,,,,,,,,,,,,,,,,,,,,,,,,,,,,,,,,,,,,,,,,,,,,,,,,,,,,,,,,,,,,,,,
9cd70299c5f16642411c241c6dab45bd,,,,,,,,,,,,,,,,,,,,,,,,,,,,,,,,,,,,,,,,,,,,,,,,,,,,,,,,,,,,,,,,
9eeaa6c28bd07aa354a368538e94e85c,,,,,,,,,,,,,,,,,,,,,,,,,,,,,,,,,,,,,,,,,,,,,,,,,,,,,,,,,,,,,,,,
a9f29924410a14dea1eef8d75fed3b39,,,,,,,,,,,,,,,,,,,,,,,,,,,,,,,,,,,,,,,,,,,,,,,,,,,,,,,,,,,,,,,,
abd9de04608716a6c9daface0535b788,,,,,,,,,,,,,,,,,,,,,,,,,,,,,,,,,,,,,,,,,,,,,,,,,,,,,,,,,,,,,,,,
ac5942f452e1e3cfdeaf7673b0646d48,,,,,,,,,,,,,,,,,,,,,,,,,,,,,,,,,,,,,,,,,,,,,,,,,,,,,,,,,,,,,,,,
ada33ffe00dddd5df6ab716083b86d85,,,,,,,,,,,,,,,,,,,,,,,,,,,,,,,,,,,,,,,,,,,,,,,,,,,,,,,,,,,,,,,,
af0ead4e0484eec6a6e0418b68d4e474,,,,,,,,,,,,,,,,,,,,,,,,,,,,,,,,,,,,,,,,,,,,,,,,,,,,,,,,,,,,,,,,
b3c00819cc192c93b295e53cc5df37ce,,,,,,,,,,,,,,,,,,,,,,,,,,,,,,,,,,,,,,,,,,,,,,,,,,,,,,,,,,,,,,,,
b5ce3a994378b15278d5f78410393471,,,,,,,,,,,,,,,,,,,,,,,,,,,,,,,,,,,,,,,,,,,,,,,,,,,,,,,,,,,,,,,,
bb312126da8010e571d6691c8ff3ce2b,,,,,,,,,,,,,,,,,,,,,,,,,,,,,,,,,,,,,,,,,,,,,,,,,,,,,,,,,,,,,,,,
c0721e9ec8101b1781bc3c520668aaa6,,,,,,,,,,,,,,,,,,,,,,,,,,,,,,,,,,,,,,,,,,,,,,,,,,,,,,,,,,,,,,,,
c63e407af758ec6f0dadb11413b0826d,,,,,,,,,,,,,,,,,,,,,,,,,,,,,,,,,,,,,,,,,,,,,,,,,,,,,,,,,,,,,,,,
d37b597b798077359c723f6536a04eee,,,,,,,,,,,,,,,,,,,,,,,,,,,,,,,,,,,,,,,,,,,,,,,,,,,,,,,,,,,,,,,,
d40cecfbc85e3fd653649cff45c35412,,,,,,,,,,,,,,,,,,,,,,,,,,,,,,,,,,,,,,,,,,,,,,,,,,,,,,,,,,,,,,,,
d5a0c3c9cbd4164710bdf16fbd044687,,,,,,,,,,,,,,,,,,,,,,,,,,,,,,,,,,,,,,,,,,,,,,,,,,,,,,,,,,,,,,,,
d85f2ff7c5868b4733e1fa25502e9887,,,,,,,,,,,,,,,,,,,,,,,,,,,,,,,,,,,,,,,,,,,,,,,,,,,,,,,,,,,,,,,,
da0f578d8a4315f1c1cac2fa34482d77,,,,,,,,,,,,,,,,,,,,,,,,,,,,,,,,,,,,,,,,,,,,,,,,,,,,,,,,,,,,,,,,
e1cc300cb6cbf6c70d6b38633749d5b9,,,,,,,,,,,,,,,,,,,,,,,,,,,,,,,,,,,,,,,,,,,,,,,,,,,,,,,,,,,,,,,,
e27417c723a341a4c6dd88e350cca761,,,,,,,,,,,,,,,,,,,,,,,,,,,,,,,,,,,,,,,,,,,,,,,,,,,,,,,,,,,,,,,,
f3b12a197d732cda29d6d9e698ea58bf,,,,,,,,,,,,,,,,,,,,,,,,,,,,,,,,,,,,,,,,,,,,,,,,,,,,,,,,,,,,,,,,
ff5afcd8509b0e94a0577095bceeac70,,,,,,,,,,,,,,,,,,,,,,,,,,,,,,,,,,,,,,,,,,,,,,,,,,,,,,,,,,,,,,,,
no virustotal,,,,,,,,,,,,,,,,,,,,,,,,,,,,,,,,,,,,,,,,,,,,,,,,,,,,,,,,,,,,,,,,
