0265f31968e56500218d87b3a97fa5d5.json,NtDuplicateObject,RegCloseKey,CopyFileW,GetNativeSystemInfo,GetShortPathNameW,GetSystemInfo,RegQueryValueExA,IsDebuggerPresent,GetSystemWindowsDirectoryW,NtClose,NtOpenProcess,RegQueryValueExW,NtMapViewOfSection,GetVolumePathNamesForVolumeNameW,GetSystemMetrics,RegOpenKeyExW,NtDelayExecution,ShellExecuteExW,NtAllocateVirtualMemory,RegOpenKeyExA,DeleteFileW,LdrGetDllHandle,RtlDecompressBuffer,LdrUnloadDll,SHGetFolderPathW,NtUnmapViewOfSection,CoCreateInstance,GetSystemDirectoryW,SetUnhandledExceptionFilter,NtFreeVirtualMemory,GetVolumeNameForVolumeMountPointW,GetSystemTimeAsFileTime,NtTerminateProcess,NtCreateMutant,NtProtectVirtualMemory,CoInitializeEx,NtCreateSection,LoadStringW,NtOpenKey,LdrGetProcedureAddress,SetFileAttributesW,LdrLoadDll,NtCreateFile,CreateProcessInternalW,NtQueryValueKey
0,5,33,1,1,1,1,2,1,7,70,1,9,3,8,16,17,140,1,35,3,1,36,1,2,1,5,3,1,2,10,3,4,3,3,7,2,2,1,3,204,1,19,2,2,3
05330fff36ad3e359be8bb2b33f09436.json,NtQueryValueKey,LdrUnloadDll,NtResumeThread,NtReadFile,WriteProcessMemory,NtSetContextThread,GetFileSize,NtUnmapViewOfSection,LdrGetProcedureAddress,NtOpenKey,NtDelayExecution,RegOpenKeyExA,NtGetContextThread,NtCreateFile,NtClose,NtAllocateVirtualMemory,LdrLoadDll,NtTerminateProcess,CreateProcessInternalW,RtlDecompressBuffer,NtFreeVirtualMemory
0,1,1,1,1,7,1,1,1,10036,1,1,10001,1,1,14,5,10002,3,1,1,2
0575c8b5a4dd91d66b1a9f4e69c09c88.json,LdrUnloadDll,WriteProcessMemory,NtSetContextThread,EnumWindows,NtTerminateProcess,NtClose,GetFileAttributesW,NtFreeVirtualMemory,GetFileSize,NtDelayExecution,NtReadFile,RegOpenKeyExA,LdrGetDllHandle,RtlDecompressBuffer,NtResumeThread,NtOpenFile,NtUnmapViewOfSection,NtCreateFile,FindFirstFileExW,NtGetContextThread,NtOpenKey,LdrGetProcedureAddress,NtAllocateVirtualMemory,LdrLoadDll,OpenSCManagerA,CreateProcessInternalW,NtQueryValueKey
0,1,7,1,1,3,9,2,2,1,1,1,1,2,1,1,1,1,1,1,1,1,42,4,1,1,1,1
10ccaa0de03a37805008451f1197a4d0.json,NtDuplicateObject,RegCloseKey,CopyFileW,LdrUnloadDll,GetShortPathNameW,GetSystemInfo,RegQueryValueExA,GetSystemWindowsDirectoryW,NtClose,RegQueryValueExW,NtMapViewOfSection,GetVolumePathNamesForVolumeNameW,GetSystemMetrics,RegOpenKeyExW,NtDelayExecution,ShellExecuteExW,NtAllocateVirtualMemory,RegOpenKeyExA,DeleteFileW,LdrGetDllHandle,NtFreeVirtualMemory,NtReadFile,SHGetFolderPathW,CreateThread,NtUnmapViewOfSection,SetFilePointer,GetSystemDirectoryW,SetUnhandledExceptionFilter,FindResourceExW,NtCreateFile,GetVolumeNameForVolumeMountPointW,GetSystemTimeAsFileTime,NtTerminateProcess,NtProtectVirtualMemory,CoInitializeEx,NtCreateSection,LoadStringW,WriteConsoleA,NtOpenKey,LdrGetProcedureAddress,GetFileType,SetFileAttributesW,LdrLoadDll,LookupPrivilegeValueW,CreateProcessInternalW,NtQueryValueKey
0,5,34,1,3,1,1,2,1,60,7,1,8,3,14,22,1,16,3,1,9,5,2,8,1,5,2,1,1,1,3,3,3,3,9,1,1,2,1,1,186,3,1,18,1,2,1
120add3ed0adada5851fb724442ff2b0.json,LdrUnloadDll,RegCloseKey,CopyFileW,GetNativeSystemInfo,GetShortPathNameW,GetSystemInfo,RegQueryValueExA,GetSystemWindowsDirectoryW,NtQueryValueKey,RegQueryValueExW,NtFreeVirtualMemory,GetVolumePathNamesForVolumeNameW,GetSystemMetrics,NtMapViewOfSection,SizeofResource,CreateActCtxW,RegOpenKeyExW,NtDelayExecution,NtDuplicateObject,ShellExecuteExW,NtAllocateVirtualMemory,RegOpenKeyExA,DeleteFileW,LdrGetDllHandle,SetStdHandle,NtReadFile,SHGetFolderPathW,CreateThread,NtUnmapViewOfSection,SetFilePointer,GetSystemDirectoryW,LoadStringW,FindResourceExW,NtCreateFile,GetVolumeNameForVolumeMountPointW,GetSystemTimeAsFileTime,NtTerminateProcess,NtCreateMutant,NtProtectVirtualMemory,CoInitializeEx,NtCreateSection,SetUnhandledExceptionFilter,NtOpenKey,LoadResource,LdrGetProcedureAddress,SetFileAttributesW,LdrLoadDll,LookupPrivilegeValueW,FindResourceA,CreateProcessInternalW,NtClose
0,4,38,1,2,1,1,2,13,4,11,3,8,4,1,52,1,18,22,5,1,29,5,1,22,9,2,8,1,5,2,4,4,1,3,3,4,3,4,1,1,1,2,5,52,204,1,20,1,52,2,64
12aea17b5450e3bfc872c9f6fe6603da.json,NtDuplicateObject,RegCloseKey,CopyFileW,GetNativeSystemInfo,GetShortPathNameW,GetSystemInfo,RegQueryValueExA,GetSystemWindowsDirectoryW,NtQueryValueKey,RegQueryValueExW,NtFreeVirtualMemory,GetVolumePathNamesForVolumeNameW,GetSystemMetrics,NtMapViewOfSection,SizeofResource,CreateActCtxW,RegOpenKeyExW,NtDelayExecution,ShellExecuteExW,NtAllocateVirtualMemory,RegOpenKeyExA,DeleteFileW,LdrGetDllHandle,LdrUnloadDll,NtReadFile,SHGetFolderPathW,CreateThread,NtUnmapViewOfSection,SetFilePointer,GetSystemDirectoryW,SetUnhandledExceptionFilter,FindResourceExW,NtCreateFile,GetVolumeNameForVolumeMountPointW,GetSystemTimeAsFileTime,NtTerminateProcess,NtCreateMutant,NtProtectVirtualMemory,CoInitializeEx,NtCreateSection,LoadStringW,NtOpenKey,LoadResource,LdrGetProcedureAddress,SetFileAttributesW,LdrLoadDll,LookupPrivilegeValueW,FindResourceA,CreateProcessInternalW,NtClose
0,5,36,1,1,1,1,2,7,3,9,8,8,3,1,31,1,16,22,1,25,3,1,36,3,2,8,1,5,2,2,1,1,3,3,4,3,2,1,1,1,3,3,31,212,1,17,1,31,2,62
1396bfd224b4b85597039916f1db6793.json,RegCloseKey,GetSystemInfo,RegQueryValueExA,NtClose,RegCreateKeyExA,NtOpenProcess,NtMapViewOfSection,GetSystemMetrics,RegOpenKeyExW,SetErrorMode,NtAllocateVirtualMemory,ReadProcessMemory,RegOpenKeyExA,LdrGetDllHandle,GetCursorPos,CoCreateInstance,__exception__,NtCreateMutant,CoInitializeEx,NtCreateSection,SetWindowsHookExA,NtOpenKey,LdrGetProcedureAddress,RegSetValueExA,LdrLoadDll,FindResourceA,CreateProcessInternalW,NtQueryValueKey
0,2,1,13,7,3,1,1,13,1,2,3,5,1,2,1,1,1,1,1,1,1,2,6,6,2,2,1,2
166244c2351bf9c164a887f48b53882a.json,NtDuplicateObject,RegCloseKey,CopyFileW,GetNativeSystemInfo,GetShortPathNameW,GetSystemInfo,RegQueryValueExA,EnumWindows,IsDebuggerPresent,LookupPrivilegeValueW,NtClose,NtOpenProcess,RegQueryValueExW,NtMapViewOfSection,GetVolumePathNamesForVolumeNameW,GetSystemMetrics,GetFileSize,RegOpenKeyExW,NtDelayExecution,ShellExecuteExW,NtReadFile,RegOpenKeyExA,DeleteFileW,LdrGetDllHandle,RtlDecompressBuffer,LdrUnloadDll,SetFilePointer,NtAllocateVirtualMemory,SHGetFolderPathW,CreateThread,NtUnmapViewOfSection,CoCreateInstance,GetSystemDirectoryW,SetUnhandledExceptionFilter,NtCreateFile,GetVolumeNameForVolumeMountPointW,GetSystemTimeAsFileTime,NtTerminateProcess,NtCreateMutant,NtProtectVirtualMemory,CoInitializeEx,NtCreateSection,LoadStringW,NtOpenKey,NtFreeVirtualMemory,LdrGetProcedureAddress,LdrLoadDll,GetSystemWindowsDirectoryW,OpenSCManagerA,CreateProcessInternalW,NtQueryValueKey
0,5,38,1,1,1,2,2,1,1,1,67,1,11,2,8,16,1,20,13,1,3,4,1,12,1,2,2,20,8,1,5,3,1,1,3,3,3,3,3,7,2,1,1,1,3,369,15,6,1,2,1
18af2859c12ded43fc5145f7f007d26a.json,NtReadFile,WriteProcessMemory,NtSetContextThread,GetFileSize,NtUnmapViewOfSection,LdrGetProcedureAddress,NtDelayExecution,RegOpenKeyExA,NtGetContextThread,NtCreateFile,NtClose,NtAllocateVirtualMemory,LdrLoadDll,CreateProcessInternalW,RtlDecompressBuffer,NtFreeVirtualMemory
0,1,7,1,1,1,10033,1,10001,1,1,1,5,10002,1,1,1
19a1bbed8aa6e5ba66a1003f9239768a.json,NtQueryValueKey,NtOpenKey,NtResumeThread,NtReadFile,WriteProcessMemory,NtSetContextThread,GetFileSize,NtUnmapViewOfSection,LdrGetProcedureAddress,NtDelayExecution,RegOpenKeyExA,NtGetContextThread,NtCreateFile,NtClose,NtAllocateVirtualMemory,LdrLoadDll,NtTerminateProcess,CreateProcessInternalW,RtlDecompressBuffer,NtFreeVirtualMemory
0,1,1,1,1,7,1,1,1,10036,1,10001,1,1,14,5,10002,3,1,1,2
209a288c68207d57e0ce6e60ebf60729.json,GetNativeSystemInfo,RegCloseKey,CopyFileW,NtDuplicateObject,GetShortPathNameW,GetSystemInfo,GetSystemWindowsDirectoryW,NtClose,RegQueryValueExW,NtFreeVirtualMemory,GetVolumePathNamesForVolumeNameW,RegOpenKeyExW,NtDelayExecution,ShellExecuteExW,NtAllocateVirtualMemory,RegOpenKeyExA,LdrGetDllHandle,LdrUnloadDll,SHGetFolderPathW,NtUnmapViewOfSection,GetSystemDirectoryW,LoadStringW,NtCreateFile,GetVolumeNameForVolumeMountPointW,GetSystemTimeAsFileTime,NtCreateMutant,CoInitializeEx,SetUnhandledExceptionFilter,NtOpenKey,LdrGetProcedureAddress,LdrLoadDll,NtTerminateProcess,CreateProcessInternalW,NtQueryValueKey
0,1,29,1,4,1,1,6,49,8,4,8,14,7,1,8,1,30,3,4,5,1,1,1,3,1,2,1,2,1,38,2,3,2,1
280202f38891afea17ee10bb2fb77a86.json,GetSystemInfo,NtQueryValueKey,NtOpenProcess,NtMapViewOfSection,GetSystemMetrics,RegOpenKeyExW,SetErrorMode,NtAllocateVirtualMemory,LdrGetDllHandle,GetCursorPos,CoCreateInstance,__exception__,NtCreateMutant,CoInitializeEx,NtCreateSection,SetWindowsHookExA,NtOpenKey,LdrGetProcedureAddress,LdrLoadDll,FindResourceA,CreateProcessInternalW,NtClose
0,1,2,1,1,13,1,2,3,2,1,1,1,1,1,1,1,2,4,1,2,1,7
2d2c589941dd477acc60f6b8433c3562.json,NtDuplicateObject,RegCloseKey,CopyFileW,GetNativeSystemInfo,GetShortPathNameW,GetSystemInfo,GetSystemWindowsDirectoryW,NtQueryValueKey,RegQueryValueExW,NtFreeVirtualMemory,GetVolumePathNamesForVolumeNameW,GetSystemMetrics,NtMapViewOfSection,SizeofResource,CreateActCtxW,RegOpenKeyExW,NtDelayExecution,ShellExecuteExW,NtAllocateVirtualMemory,RegOpenKeyExA,DeleteFileW,LdrGetDllHandle,LdrUnloadDll,NtReadFile,LoadStringW,SHGetFolderPathW,CreateThread,NtUnmapViewOfSection,SetFilePointer,GetSystemDirectoryW,SetUnhandledExceptionFilter,FindResourceExW,NtCreateFile,GetVolumeNameForVolumeMountPointW,GetSystemTimeAsFileTime,NtTerminateProcess,NtCreateMutant,NtProtectVirtualMemory,CoInitializeEx,NtCreateSection,GetTimeZoneInformation,NtOpenKey,LoadResource,LdrGetProcedureAddress,SetFileAttributesW,LdrLoadDll,LookupPrivilegeValueW,FindResourceA,CreateProcessInternalW,NtClose
0,6,33,1,1,1,1,7,3,8,7,8,3,1,41,1,15,22,1,31,1,1,23,3,2,3,8,1,5,2,2,2,1,3,3,10,3,2,1,1,1,1,3,41,201,1,18,1,41,2,67
2e7f7cc9a815efd0a6590042ce27f6da.json,LdrUnloadDll,WriteProcessMemory,NtSetContextThread,EnumWindows,NtTerminateProcess,NtClose,NtFreeVirtualMemory,GetFileSize,NtDelayExecution,NtReadFile,RegOpenKeyExA,RtlDecompressBuffer,NtResumeThread,LoadStringA,NtUnmapViewOfSection,NtCreateFile,NtGetContextThread,NtOpenKey,LdrGetProcedureAddress,NtAllocateVirtualMemory,LdrLoadDll,CreateProcessInternalW,NtQueryValueKey
0,1,7,1,1,3,7,3,1,1,1,1,1,1,1,1,1,1,1,37,5,1,1,1
2fcf9c117e456ba2ebfa508b3fa9ab0a.json,NtQuerySystemInformation,GetSystemTimeAsFileTime,LdrGetProcedureAddress,SetUnhandledExceptionFilter,NtAllocateVirtualMemory,LdrGetDllHandle,NtFreeVirtualMemory
0,469764,1,15,1,4,11,1
3999736909019a7e305bc435eb4168fd.json,NtDuplicateObject,RegCloseKey,CopyFileW,NtReadFile,GetNativeSystemInfo,GetShortPathNameW,RegQueryValueExA,IsDebuggerPresent,LookupPrivilegeValueW,NtClose,RegQueryValueExW,NtMapViewOfSection,GetVolumePathNamesForVolumeNameW,GetSystemMetrics,SizeofResource,CreateActCtxW,RegOpenKeyExW,NtDelayExecution,ShellExecuteExW,NtAllocateVirtualMemory,RegOpenKeyExA,DeleteFileW,LdrGetDllHandle,LdrUnloadDll,NtResumeThread,SHGetFolderPathW,CreateThread,NtUnmapViewOfSection,SetFilePointer,GetSystemDirectoryW,NtOpenKey,SetUnhandledExceptionFilter,__exception__,NtFreeVirtualMemory,GetVolumeNameForVolumeMountPointW,GetSystemTimeAsFileTime,NtTerminateProcess,NtCreateMutant,NtProtectVirtualMemory,CoInitializeEx,GetTimeZoneInformation,LoadStringW,LoadResource,LdrGetProcedureAddress,LdrLoadDll,NtCreateFile,GetSystemWindowsDirectoryW,FindResourceA,CreateProcessInternalW,NtQueryValueKey
0,5,36,1,2,1,1,2,1,1,60,9,1,8,3,40,1,16,15,1,24,3,1,25,3,1,8,1,5,2,1,1,2,42,7,3,11484,2,2,43,1,1,3,40,190,15,2,6,40,2,1
405b7042c71ae50fb0d1fc82aa590296.json,LdrUnloadDll,RegCloseKey,WriteProcessMemory,NtSetContextThread,GetSystemInfo,FindResourceW,GetSystemWindowsDirectoryW,NtQueryValueKey,NtOpenProcess,RegQueryValueExW,NtMapViewOfSection,GetSystemMetrics,SizeofResource,RegOpenKeyExW,NtAllocateVirtualMemory,LdrGetDllHandle,NtResumeThread,CoCreateInstance,NtUnmapViewOfSection,NtQueryDirectoryFile,SetUnhandledExceptionFilter,NtCreateFile,FindFirstFileExW,NtCreateMutant,NtProtectVirtualMemory,CoInitializeEx,NtCreateSection,NtGetContextThread,NtOpenKey,LoadResource,LdrGetProcedureAddress,NtOpenDirectoryObject,LdrLoadDll,NtTerminateProcess,CreateProcessInternalW,NtClose
0,1,2,6,1,2,1,1,5,1,2,2,13,1,4,6,10,1,3,2,3,1,1,1,1,2,2,2,1,6,1,84,1,8,3,1,32
4b8c282a8d3033a976a42f9eaf046f94.json,NtDuplicateObject,RegCloseKey,CopyFileW,GetNativeSystemInfo,GetShortPathNameW,GetSystemInfo,RegQueryValueExA,GetSystemWindowsDirectoryW,NtQueryValueKey,RegQueryValueExW,NtFreeVirtualMemory,GetVolumePathNamesForVolumeNameW,GetSystemMetrics,NtMapViewOfSection,SizeofResource,CreateActCtxW,RegOpenKeyExW,NtDelayExecution,ShellExecuteExW,NtAllocateVirtualMemory,RegOpenKeyExA,DeleteFileW,LdrGetDllHandle,LdrUnloadDll,NtReadFile,SHGetFolderPathW,CreateThread,NtUnmapViewOfSection,SetFilePointer,GetSystemDirectoryW,SetUnhandledExceptionFilter,FindResourceExW,NtCreateFile,GetVolumeNameForVolumeMountPointW,GetSystemTimeAsFileTime,NtTerminateProcess,NtCreateMutant,NtProtectVirtualMemory,CoInitializeEx,NtCreateSection,LoadStringW,NtOpenKey,LoadResource,LdrGetProcedureAddress,SetFileAttributesW,LdrLoadDll,LookupPrivilegeValueW,FindResourceA,CreateProcessInternalW,NtClose
0,5,36,1,1,1,1,2,7,3,9,9,8,3,1,91,1,16,22,1,24,3,1,36,3,2,8,1,5,2,2,1,1,3,3,4,3,2,1,1,1,3,3,91,212,1,17,1,91,2,62
50fd967b39315d95f02127a2f05f6326.json,LdrUnloadDll,CoCreateInstanceEx,WriteProcessMemory,NtSetContextThread,GetSystemInfo,IsDebuggerPresent,GetSystemWindowsDirectoryW,NtClose,NtOpenProcess,NtOpenDirectoryObject,GetSystemMetrics,NtMapViewOfSection,RegOpenKeyExW,NtAllocateVirtualMemory,LdrGetDllHandle,NtQuerySystemInformation,NtResumeThread,NtUnmapViewOfSection,CoCreateInstance,GetSystemDirectoryW,NtQueryDirectoryFile,SetUnhandledExceptionFilter,NtFreeVirtualMemory,GetSystemTimeAsFileTime,NtTerminateProcess,FindFirstFileExW,NtCreateMutant,NtProtectVirtualMemory,CoInitializeEx,NtCreateSection,NtGetContextThread,NtOpenKey,LdrGetProcedureAddress,NtOpenKeyEx,LdrLoadDll,NtCreateFile,CreateProcessInternalW,NtQueryValueKey
0,1,2,6,1,3,1,1,39,1,1,16,3,1,12,16,1,1,2,1,2,3,1,1,3,3,1,2,3,2,2,1,9,18,5,6,1,1,11
51aca60e7164b144228f2ed9c73e8c64.json,RegCloseKey,GetSystemInfo,RegQueryValueExA,NtClose,RegCreateKeyExA,NtOpenProcess,NtMapViewOfSection,GetSystemMetrics,RegOpenKeyExW,SetErrorMode,NtAllocateVirtualMemory,ReadProcessMemory,RegOpenKeyExA,LdrGetDllHandle,GetCursorPos,CoCreateInstance,__exception__,NtCreateMutant,CoInitializeEx,NtCreateSection,SetWindowsHookExA,NtOpenKey,LdrGetProcedureAddress,RegSetValueExA,LdrLoadDll,FindResourceA,CreateProcessInternalW,NtQueryValueKey
0,2,1,13,7,3,1,1,13,1,2,3,5,1,2,1,1,1,1,1,1,1,2,6,6,2,2,1,2
61f05d9d65f657ccce4dda9b60a29dd0.json,NtDuplicateObject,RegCloseKey,CopyFileW,GetNativeSystemInfo,GetShortPathNameW,GetSystemInfo,RegQueryValueExA,GetSystemWindowsDirectoryW,NtQueryValueKey,RegQueryValueExW,NtOpenDirectoryObject,GetVolumePathNamesForVolumeNameW,GetSystemMetrics,NtMapViewOfSection,RegOpenKeyExW,NtDelayExecution,ShellExecuteExW,NtAllocateVirtualMemory,RegOpenKeyExA,DeleteFileW,LdrGetDllHandle,NtFreeVirtualMemory,LdrUnloadDll,NtReadFile,SHGetFolderPathW,CreateThread,NtUnmapViewOfSection,SetFilePointer,GetSystemDirectoryW,SetUnhandledExceptionFilter,FindResourceExW,NtCreateFile,GetVolumeNameForVolumeMountPointW,GetSystemTimeAsFileTime,NtTerminateProcess,NtCreateMutant,NtProtectVirtualMemory,CoInitializeEx,NtCreateSection,LoadStringW,NtOpenKey,LdrGetProcedureAddress,GetFileType,SetFileAttributesW,LdrLoadDll,LookupPrivilegeValueW,CreateProcessInternalW,NtClose
0,5,38,1,1,1,2,2,7,3,11,1,8,3,1,19,22,1,13,3,1,10,5,3,2,8,1,5,2,2,1,1,3,3,3,3,2,9,1,1,3,3,187,3,1,18,1,2,63
64d8fd04c7d50c6094c67875225873d9.json,CreateServiceA,__exception__,CreateProcessInternalW
0,137,138,11
651fa231378060e192749f7c2a37c559.json,NtDuplicateObject,RegCloseKey,CopyFileW,GetNativeSystemInfo,GetShortPathNameW,GetSystemInfo,GetSystemWindowsDirectoryW,NtQueryValueKey,NtOpenProcess,RegQueryValueExW,NtMapViewOfSection,GetVolumePathNamesForVolumeNameW,GetSystemMetrics,RegOpenKeyExW,NtDelayExecution,ShellExecuteExW,NtAllocateVirtualMemory,RegOpenKeyExA,DeleteFileW,LdrGetDllHandle,NtFreeVirtualMemory,LdrUnloadDll,SetFilePointer,NtReadFile,SHGetFolderPathW,CreateThread,NtUnmapViewOfSection,CoCreateInstance,GetSystemDirectoryW,SetUnhandledExceptionFilter,FindResourceExW,NtCreateFile,GetVolumeNameForVolumeMountPointW,GetSystemTimeAsFileTime,NtTerminateProcess,NtCreateMutant,CoInitializeEx,NtCreateSection,LoadStringW,NtOpenKey,LdrGetProcedureAddress,LdrLoadDll,LookupPrivilegeValueW,CreateProcessInternalW,NtClose
0,5,33,1,1,1,2,7,3,1,8,2,8,16,15,9,1,18,1,1,12,6,3,1,1,9,1,5,3,2,1,1,3,3,1,3,3,2,2,1,3,29,5,1,2,69
65a3fa520bed942e47efc8b14dba91ea.json,LdrUnloadDll,WriteProcessMemory,NtSetContextThread,GetSystemInfo,NtResumeThread,NtTerminateProcess,NtQueryValueKey,NtOpenDirectoryObject,GetFileSize,NtDelayExecution,NtAllocateVirtualMemory,RegOpenKeyExA,LdrGetDllHandle,RtlDecompressBuffer,NtQuerySystemInformation,NtEnumerateValueKey,NtReadFile,NtUnmapViewOfSection,GetSystemDirectoryW,NtCreateFile,GetSystemTimeAsFileTime,NtCreateMutant,NtProtectVirtualMemory,NtGetContextThread,NtOpenKey,NtFreeVirtualMemory,LdrGetProcedureAddress,NtEnumerateKey,NtOpenKeyEx,LdrLoadDll,CreateProcessInternalW,NtClose
0,1,7,1,2,1,3,15,1,1,1,5,10001,5,1,1,1,1,1,2,1,3,1,3,1,24,2,10043,2,5,10005,1,28
6a88042ae74947fa21ef73a7260b4090.json,NtDuplicateObject,RegCloseKey,CopyFileW,GetNativeSystemInfo,GetShortPathNameW,GetSystemInfo,GetSystemWindowsDirectoryW,NtQueryValueKey,RegQueryValueExW,NtFreeVirtualMemory,GetVolumePathNamesForVolumeNameW,GetSystemMetrics,NtMapViewOfSection,SizeofResource,CreateActCtxW,RegOpenKeyExW,NtDelayExecution,ShellExecuteExW,NtAllocateVirtualMemory,RegOpenKeyExA,DeleteFileW,LdrGetDllHandle,LdrUnloadDll,NtReadFile,LoadStringW,SHGetFolderPathW,CreateThread,NtUnmapViewOfSection,SetFilePointer,GetSystemDirectoryW,SetUnhandledExceptionFilter,FindResourceExW,NtCreateFile,GetVolumeNameForVolumeMountPointW,GetSystemTimeAsFileTime,NtTerminateProcess,NtCreateMutant,NtProtectVirtualMemory,CoInitializeEx,NtCreateSection,GetTimeZoneInformation,NtOpenKey,LoadResource,LdrGetProcedureAddress,SetFileAttributesW,LdrLoadDll,LookupPrivilegeValueW,FindResourceA,CreateProcessInternalW,NtClose
0,5,33,1,1,1,1,7,3,8,7,8,3,1,15,1,15,22,1,28,1,1,23,3,2,3,8,1,5,2,2,2,1,3,3,10,3,2,1,1,1,1,3,15,201,1,18,1,15,2,67
6d3d62a4cff19b4f2cc7ce9027c33be8.json,LdrUnloadDll,WriteProcessMemory,NtSetContextThread,GetSystemInfo,FindResourceW,GetSystemWindowsDirectoryW,NtClose,NtOpenProcess,NtMapViewOfSection,GetSystemMetrics,RegOpenKeyExW,NtAllocateVirtualMemory,LdrGetDllHandle,NtResumeThread,CoCreateInstance,NtUnmapViewOfSection,NtQueryDirectoryFile,SetUnhandledExceptionFilter,NtCreateFile,FindFirstFileExW,NtCreateMutant,CoInitializeEx,NtCreateSection,NtGetContextThread,NtOpenKey,LoadResource,LdrGetProcedureAddress,LdrLoadDll,NtTerminateProcess,CreateProcessInternalW,NtQueryValueKey
0,1,6,1,1,1,1,32,1,2,13,1,6,11,1,3,2,3,1,1,1,1,2,2,1,6,1,15,3,3,1,5
6e080aa085293bb9fbdcc9015337d309.json,LdrUnloadDll,RegCloseKey,WriteProcessMemory,NtSetContextThread,GetSystemInfo,FindResourceW,GetSystemWindowsDirectoryW,NtClose,NtOpenProcess,RegQueryValueExW,NtMapViewOfSection,GetSystemMetrics,SizeofResource,RegOpenKeyExW,NtAllocateVirtualMemory,LdrGetDllHandle,NtResumeThread,CoCreateInstance,NtUnmapViewOfSection,NtQueryDirectoryFile,SetUnhandledExceptionFilter,NtCreateFile,FindFirstFileExW,NtCreateMutant,CoInitializeEx,NtCreateSection,NtGetContextThread,NtOpenKey,LoadResource,LdrGetProcedureAddress,NtOpenDirectoryObject,LdrLoadDll,NtTerminateProcess,CreateProcessInternalW,NtQueryValueKey
0,1,2,6,1,2,1,1,32,1,2,2,13,1,4,6,10,1,3,2,3,1,1,1,1,2,2,1,6,1,14,1,4,3,1,5
6f0a1919df4c5a1540202121faeb789b.json,LdrUnloadDll,RegCloseKey,WriteProcessMemory,NtSetContextThread,GetSystemInfo,NtResumeThread,NtTerminateProcess,NtClose,RegQueryValueExW,NtFreeVirtualMemory,GetFileSize,RegOpenKeyExW,NtDelayExecution,NtReadFile,RegOpenKeyExA,LdrGetDllHandle,RtlDecompressBuffer,NtAllocateVirtualMemory,NtUnmapViewOfSection,NtCreateFile,NtGetContextThread,NtOpenKey,LdrGetProcedureAddress,NtOpenDirectoryObject,LdrLoadDll,CreateProcessInternalW,NtQueryValueKey
0,1,2,7,1,1,1,3,11,2,2,1,3,1,1,10001,1,1,5,1,1,1,1,10037,1,10002,1,1
706b60cdcb4d78e3dc44ad133639632a.json,LdrUnloadDll,RegCloseKey,WriteProcessMemory,NtSetContextThread,GetSystemInfo,NtResumeThread,NtTerminateProcess,NtClose,RegQueryValueExW,NtFreeVirtualMemory,GetFileSize,RegOpenKeyExW,NtDelayExecution,NtReadFile,RegOpenKeyExA,LdrGetDllHandle,RtlDecompressBuffer,NtAllocateVirtualMemory,NtUnmapViewOfSection,NtCreateFile,NtGetContextThread,NtOpenKey,LdrGetProcedureAddress,NtOpenDirectoryObject,LdrLoadDll,CreateProcessInternalW,NtQueryValueKey
0,1,2,7,1,1,1,3,9,2,2,1,3,1,1,10001,1,1,5,1,1,1,1,10037,1,10002,1,1
71e065f64eb3b10a2ab2b629e3ff1cae.json,NtQueryValueKey,NtOpenKey,NtResumeThread,NtReadFile,WriteProcessMemory,NtSetContextThread,GetFileSize,NtUnmapViewOfSection,LdrGetProcedureAddress,NtDelayExecution,RegOpenKeyExA,NtGetContextThread,NtCreateFile,NtClose,NtAllocateVirtualMemory,LdrLoadDll,NtTerminateProcess,CreateProcessInternalW,RtlDecompressBuffer,NtFreeVirtualMemory
0,1,1,1,1,7,1,1,1,10036,1,10001,1,1,14,5,10002,3,1,1,2
77f25d5c484921d4ebc29b3b33f378ac.json,NtQueryValueKey,NtOpenKey,NtResumeThread,NtReadFile,WriteProcessMemory,NtSetContextThread,GetFileSize,NtUnmapViewOfSection,LdrGetProcedureAddress,NtDelayExecution,RegOpenKeyExA,NtGetContextThread,NtCreateFile,NtClose,NtAllocateVirtualMemory,LdrLoadDll,NtTerminateProcess,CreateProcessInternalW,RtlDecompressBuffer,NtFreeVirtualMemory
0,1,1,1,1,7,1,1,1,10036,1,10001,1,1,14,5,10002,3,1,1,2
795aa090240094ad58a6a567fb612db4.json,LdrUnloadDll,RegCloseKey,GetSystemInfo,RegQueryValueExA,IsDebuggerPresent,NtTerminateProcess,NtClose,NtOpenProcess,RegQueryValueExW,NtMapViewOfSection,GetSystemMetrics,SizeofResource,CreateActCtxW,RegOpenKeyExW,NtDelayExecution,NtAllocateVirtualMemory,RegOpenKeyExA,LdrGetDllHandle,SHGetFolderPathW,CoCreateInstance,NtUnmapViewOfSection,SetUnhandledExceptionFilter,__exception__,NtFreeVirtualMemory,GetSystemTimeAsFileTime,NtCreateMutant,NtProtectVirtualMemory,CoInitializeEx,NtCreateSection,GetTimeZoneInformation,NtOpenKey,LoadResource,LdrGetProcedureAddress,LdrLoadDll,FindResourceA,NtQueryValueKey
0,2,5,1,2,1,3,43,1,1,2,16,61,1,3,9,23,2,20,1,3,3,2,50,3,3795,1,51,2,1,1,1,61,189,15,61,1
7a560951712cba7a42c2ba91b9e6c154.json,GetNativeSystemInfo,LookupPrivilegeValueW,RegCloseKey,CopyFileW,LdrUnloadDll,GetShortPathNameW,GetSystemInfo,RegQueryValueExA,GetSystemWindowsDirectoryW,NtClose,NtDelayExecution,RegQueryValueExW,NtOpenDirectoryObject,GetVolumePathNamesForVolumeNameW,GetSystemMetrics,NtMapViewOfSection,SizeofResource,CreateActCtxW,RegOpenKeyExW,SetInformationJobObject,NtDuplicateObject,NtDeviceIoControlFile,NtAllocateVirtualMemory,RegOpenKeyExA,DeleteFileW,NtWriteFile,LdrGetDllHandle,NtQuerySystemInformation,NtReadFile,NtOpenFile,CreateThread,NtUnmapViewOfSection,SetFilePointer,GetSystemDirectoryW,LoadStringW,FindResourceExW,NtFreeVirtualMemory,GetVolumeNameForVolumeMountPointW,GetSystemTimeAsFileTime,NtTerminateProcess,NtCreateMutant,NtProtectVirtualMemory,SHGetFolderPathW,UuidCreate,NtCreateSection,SetUnhandledExceptionFilter,NtOpenKey,LoadResource,LdrGetProcedureAddress,ShellExecuteExW,SetFileAttributesW,LdrLoadDll,NtCreateFile,FindResourceA,CreateProcessInternalW,NtQueryValueKey
0,2,1,42,1,4,1,3,2,12,66,22,15,1,8,4,1,89,1,24,3,5,1,26,5,1,4,26,1,2,1,1,5,2,4,4,1,8,3,4,3,4,1,8,2,1,2,5,89,206,1,1,20,3,89,2,4
7af48228316ffd843533181646865b30.json,NtDuplicateObject,RegCloseKey,CopyFileW,GetNativeSystemInfo,GetShortPathNameW,GetSystemInfo,RegQueryValueExA,IsDebuggerPresent,GetSystemWindowsDirectoryW,NtClose,NtOpenProcess,RegQueryValueExW,NtMapViewOfSection,GetVolumePathNamesForVolumeNameW,GetSystemMetrics,RegOpenKeyExW,NtDelayExecution,ShellExecuteExW,NtAllocateVirtualMemory,RegOpenKeyExA,DeleteFileW,LdrGetDllHandle,LdrUnloadDll,SHGetFolderPathW,NtUnmapViewOfSection,CoCreateInstance,GetSystemDirectoryW,SetUnhandledExceptionFilter,NtFreeVirtualMemory,GetVolumeNameForVolumeMountPointW,GetSystemTimeAsFileTime,NtTerminateProcess,NtCreateMutant,NtProtectVirtualMemory,CoInitializeEx,NtCreateSection,LoadStringW,NtOpenKey,LdrGetProcedureAddress,SetFileAttributesW,LdrLoadDll,NtCreateFile,CreateProcessInternalW,NtQueryValueKey
0,5,33,1,1,1,1,2,1,7,67,1,9,3,8,16,17,140,1,30,3,1,9,3,1,5,3,1,1,6,3,3,3,3,7,2,2,1,3,182,1,20,2,2,3
8bd9598dbc54f7dd6683ff78c0b2183d.json,LdrUnloadDll,RegCloseKey,WriteProcessMemory,NtSetContextThread,GetSystemInfo,NtResumeThread,NtTerminateProcess,NtClose,RegQueryValueExW,NtFreeVirtualMemory,GetFileSize,RegOpenKeyExW,NtDelayExecution,NtReadFile,RegOpenKeyExA,LdrGetDllHandle,RtlDecompressBuffer,NtAllocateVirtualMemory,NtUnmapViewOfSection,NtCreateFile,NtGetContextThread,NtOpenKey,LdrGetProcedureAddress,NtOpenDirectoryObject,LdrLoadDll,CreateProcessInternalW,NtQueryValueKey
0,1,2,7,1,1,1,3,9,2,2,1,3,1,1,10001,1,1,5,1,1,1,1,10037,1,10002,1,1
9842fe09d7897b323fc2588bc5d48359.json,NtDuplicateObject,RegCloseKey,CopyFileW,GetNativeSystemInfo,GetShortPathNameW,GetSystemInfo,IsDebuggerPresent,GetSystemWindowsDirectoryW,NtClose,NtOpenProcess,RegQueryValueExW,NtMapViewOfSection,GetVolumePathNamesForVolumeNameW,GetSystemMetrics,RegOpenKeyExW,NtDelayExecution,ShellExecuteExW,NtAllocateVirtualMemory,RegOpenKeyExA,DeleteFileW,LdrGetDllHandle,RtlDecompressBuffer,LdrUnloadDll,SHGetFolderPathW,NtUnmapViewOfSection,CoCreateInstance,GetSystemDirectoryW,SetUnhandledExceptionFilter,GetTempPathW,NtFreeVirtualMemory,GetVolumeNameForVolumeMountPointW,GetSystemTimeAsFileTime,NtTerminateProcess,NtCreateMutant,NtProtectVirtualMemory,CoInitializeEx,NtCreateSection,LoadStringW,NtOpenKey,LdrGetProcedureAddress,SetFileAttributesW,LdrLoadDll,NtCreateFile,CreateProcessInternalW,NtQueryValueKey
0,5,30,1,1,1,1,1,7,67,1,8,3,8,16,16,140,1,28,1,1,34,1,3,1,6,3,1,2,1,9,3,3,3,3,8,2,2,1,3,203,1,19,2,2,3
993cac53e4cf21a1ba22e5e44c898a27.json,GetCursorPos,SearchPathW,SetWindowsHookExA,__exception__,SetErrorMode,GetSystemWindowsDirectoryW,FindResourceA,CreateProcessInternalW
0,1,4,1,1,2,1,2,1
9ad23a7b836d0ae4e75fb427ce9d3a96.json,NtDuplicateObject,RegCloseKey,CopyFileW,GetNativeSystemInfo,GetShortPathNameW,GetSystemInfo,RegQueryValueExA,GetSystemWindowsDirectoryW,NtQueryValueKey,NtOpenProcess,RegQueryValueExW,NtFreeVirtualMemory,GetVolumePathNamesForVolumeNameW,GetSystemMetrics,NtMapViewOfSection,SizeofResource,CreateActCtxW,RegOpenKeyExW,NtDelayExecution,ShellExecuteExW,NtAllocateVirtualMemory,RegOpenKeyExA,DeleteFileW,LdrGetDllHandle,GetKeyState,LdrUnloadDll,NtQuerySystemInformation,NtReadFile,SHGetFolderPathW,CreateThread,NtUnmapViewOfSection,SetFilePointer,GetSystemDirectoryW,SetUnhandledExceptionFilter,FindResourceExW,NtCreateFile,GetVolumeNameForVolumeMountPointW,GetSystemTimeAsFileTime,GlobalMemoryStatusEx,NtTerminateProcess,NtCreateMutant,NtProtectVirtualMemory,CoInitializeEx,NtCreateSection,LoadStringW,NtOpenKey,LoadResource,LdrGetProcedureAddress,NtOpenDirectoryObject,SetFileAttributesW,LdrLoadDll,LookupPrivilegeValueW,FindResourceA,CreateProcessInternalW,NtClose
0,6,39,1,1,1,2,3,7,7,1,11,2,8,3,1,96,1,20,22,1,24,4,1,21,1,3,1,2,8,1,5,2,2,2,1,3,3,4,1,3,2,1,1,1,3,8,96,199,1,1,19,1,96,2,66
9cd70299c5f16642411c241c6dab45bd.json,NtDuplicateObject,RegCloseKey,CopyFileW,GetNativeSystemInfo,GetShortPathNameW,GetSystemInfo,RegQueryValueExA,EnumWindows,IsDebuggerPresent,LookupPrivilegeValueW,NtClose,NtOpenProcess,RegQueryValueExW,NtOpenDirectoryObject,GetVolumePathNamesForVolumeNameW,GetSystemMetrics,NtMapViewOfSection,GetFileSize,RegOpenKeyExW,NtDelayExecution,ShellExecuteExW,NtReadFile,RegOpenKeyExA,DeleteFileW,LdrGetDllHandle,RtlDecompressBuffer,LdrUnloadDll,SetFilePointer,NtAllocateVirtualMemory,SHGetFolderPathW,CreateThread,NtUnmapViewOfSection,CoCreateInstance,GetSystemDirectoryW,SetUnhandledExceptionFilter,NtCreateFile,GetVolumeNameForVolumeMountPointW,GetSystemTimeAsFileTime,NtTerminateProcess,NtCreateMutant,NtProtectVirtualMemory,CoInitializeEx,NtCreateSection,LoadStringW,NtOpenKey,NtFreeVirtualMemory,LdrGetProcedureAddress,LdrLoadDll,GetSystemWindowsDirectoryW,CreateProcessInternalW,NtQueryValueKey
0,5,38,1,1,1,2,2,189,1,1,65,1,11,1,8,16,2,1,20,12,1,3,4,1,11,1,3,2,19,8,1,5,3,1,1,3,3,3,3,3,7,2,1,1,1,7,559,15,6,2,1
9eeaa6c28bd07aa354a368538e94e85c.json,NtDuplicateObject,RegCloseKey,CopyFileW,GetNativeSystemInfo,GetShortPathNameW,GetSystemInfo,RegQueryValueExA,GetSystemWindowsDirectoryW,NtQueryValueKey,RegQueryValueExW,NtFreeVirtualMemory,GetVolumePathNamesForVolumeNameW,GetSystemMetrics,NtMapViewOfSection,RegOpenKeyExW,NtDelayExecution,ShellExecuteExW,NtAllocateVirtualMemory,RegOpenKeyExA,DeleteFileW,LdrGetDllHandle,LdrUnloadDll,NtReadFile,SHGetFolderPathW,CreateThread,NtUnmapViewOfSection,SetFilePointer,GetSystemDirectoryW,SetUnhandledExceptionFilter,FindResourceExW,NtCreateFile,GetVolumeNameForVolumeMountPointW,GetSystemTimeAsFileTime,NtTerminateProcess,NtCreateMutant,NtProtectVirtualMemory,CoInitializeEx,NtCreateSection,LoadStringW,NtOpenKey,LdrGetProcedureAddress,NtOpenDirectoryObject,SetFileAttributesW,LdrLoadDll,LookupPrivilegeValueW,CreateProcessInternalW,NtClose
0,5,38,1,1,1,2,2,7,3,11,5,8,3,1,19,22,1,14,3,1,10,3,2,8,1,5,2,2,1,1,3,3,3,3,2,7,1,1,3,3,187,1,1,18,1,2,62
a9f29924410a14dea1eef8d75fed3b39.json,NtDuplicateObject,RegCloseKey,CopyFileW,GetNativeSystemInfo,GetShortPathNameW,GetSystemInfo,RegQueryValueExA,EnumWindows,LookupPrivilegeValueW,NtClose,NtOpenProcess,RegQueryValueExW,NtOpenDirectoryObject,GetSystemMetrics,NtMapViewOfSection,GetFileSize,RegOpenKeyExW,NtDelayExecution,ShellExecuteExW,NtReadFile,RegOpenKeyExA,DeleteFileW,LdrGetDllHandle,RtlDecompressBuffer,LdrUnloadDll,SetFilePointer,NtAllocateVirtualMemory,SHGetFolderPathW,CreateThread,NtUnmapViewOfSection,CoCreateInstance,GetSystemDirectoryW,SetUnhandledExceptionFilter,NtCreateFile,GetVolumeNameForVolumeMountPointW,GetSystemTimeAsFileTime,NtTerminateProcess,NtCreateMutant,NtProtectVirtualMemory,CoInitializeEx,NtCreateSection,LoadStringW,NtFreeVirtualMemory,LdrGetProcedureAddress,LdrLoadDll,GetSystemWindowsDirectoryW,CreateProcessInternalW
0,6,32,1,1,1,2,2,1,1,43,1,9,1,708,1,1,16,13,1,2,3,1,10,1,1,1,14,8,1,3,3,1,1,3,2,3,3,3,6,2,1,1,2,389,14,6,2
abd9de04608716a6c9daface0535b788.json,LdrUnloadDll,RegCloseKey,CopyFileW,GetNativeSystemInfo,GetShortPathNameW,GetSystemInfo,RegQueryValueExA,GetSystemWindowsDirectoryW,NtQueryValueKey,RegQueryValueExW,NtFreeVirtualMemory,GetVolumePathNamesForVolumeNameW,GetSystemMetrics,NtMapViewOfSection,SizeofResource,CreateActCtxW,RegOpenKeyExW,NtDelayExecution,NtDuplicateObject,ShellExecuteExW,NtAllocateVirtualMemory,RegOpenKeyExA,DeleteFileW,LdrGetDllHandle,SetStdHandle,NtReadFile,SHGetFolderPathW,CreateThread,NtUnmapViewOfSection,SetFilePointer,GetSystemDirectoryW,LoadStringW,FindResourceExW,NtCreateFile,GetVolumeNameForVolumeMountPointW,GetSystemTimeAsFileTime,NtTerminateProcess,NtCreateMutant,NtProtectVirtualMemory,CoInitializeEx,NtCreateSection,SetUnhandledExceptionFilter,NtOpenKey,LoadResource,LdrGetProcedureAddress,SetFileAttributesW,LdrLoadDll,LookupPrivilegeValueW,FindResourceA,CreateProcessInternalW,NtClose
0,4,38,1,2,1,1,2,13,4,11,6,8,4,1,52,1,18,22,5,1,27,5,1,22,9,2,8,1,5,2,4,4,1,3,3,4,3,4,1,1,1,2,5,52,204,1,20,1,52,2,64
ac5942f452e1e3cfdeaf7673b0646d48.json,GetSystemInfo,GetSystemWindowsDirectoryW,NtClose,NtOpenProcess,NtMapViewOfSection,GetSystemMetrics,GetFileSize,RegOpenKeyExW,SetErrorMode,NtAllocateVirtualMemory,LdrGetDllHandle,NtFreeVirtualMemory,GetCursorPos,CoCreateInstance,__exception__,NtCreateFile,FindFirstFileExW,NtCreateMutant,CoInitializeEx,NtCreateSection,SearchPathW,NtOpenKey,SetWindowsHookExA,LdrGetProcedureAddress,LdrLoadDll,FindResourceA,CreateProcessInternalW,NtQueryValueKey
0,3,1,9,1,2,13,4,1,2,8,4,1,1,1,1,160,3,1,1,4,154,2,1,7,3,2,1,2
ada33ffe00dddd5df6ab716083b86d85.json,NtDuplicateObject,RegCloseKey,CopyFileW,GetNativeSystemInfo,GetShortPathNameW,GetSystemInfo,IsDebuggerPresent,GetSystemWindowsDirectoryW,NtClose,NtOpenProcess,RegQueryValueExW,NtFreeVirtualMemory,GetVolumePathNamesForVolumeNameW,GetSystemMetrics,NtMapViewOfSection,RegOpenKeyExW,NtDelayExecution,ShellExecuteExW,NtAllocateVirtualMemory,RegOpenKeyExA,DeleteFileW,LdrGetDllHandle,RtlDecompressBuffer,LdrUnloadDll,SHGetFolderPathW,NtUnmapViewOfSection,CoCreateInstance,GetSystemDirectoryW,SetUnhandledExceptionFilter,NtCreateFile,GetVolumeNameForVolumeMountPointW,GetSystemTimeAsFileTime,NtCreateMutant,NtProtectVirtualMemory,CoInitializeEx,NtCreateSection,LoadStringW,NtOpenKey,LdrGetProcedureAddress,GetFileType,SetFileAttributesW,LdrLoadDll,NtTerminateProcess,CreateProcessInternalW,NtQueryValueKey
0,5,29,1,1,1,1,1,7,66,1,8,12,8,16,3,15,10,1,25,1,1,16,1,3,1,5,3,1,1,2,3,1,3,7,2,2,1,3,127,3,1,12,3,2,3
af0ead4e0484eec6a6e0418b68d4e474.json,NtDuplicateObject,RegCloseKey,CopyFileW,GetNativeSystemInfo,GetShortPathNameW,GetSystemInfo,IsDebuggerPresent,GetSystemWindowsDirectoryW,NtQueryValueKey,NtOpenProcess,RegQueryValueExW,NtMapViewOfSection,GetVolumePathNamesForVolumeNameW,GetSystemMetrics,RegOpenKeyExW,NtDelayExecution,ShellExecuteExW,NtAllocateVirtualMemory,RegOpenKeyExA,DeleteFileW,LdrGetDllHandle,LdrUnloadDll,SHGetFolderPathW,NtUnmapViewOfSection,CoCreateInstance,GetSystemDirectoryW,SetUnhandledExceptionFilter,NtFreeVirtualMemory,GetVolumeNameForVolumeMountPointW,GetSystemTimeAsFileTime,NtTerminateProcess,NtCreateMutant,NtProtectVirtualMemory,CoInitializeEx,NtCreateSection,LoadStringW,NtOpenKey,LdrGetProcedureAddress,SetFileAttributesW,LdrLoadDll,NtCreateFile,CreateProcessInternalW,NtClose
0,5,30,1,1,1,1,1,7,3,1,8,3,8,16,16,140,1,22,1,1,9,3,1,5,3,1,1,6,3,2,3,3,7,2,2,1,3,183,1,21,2,2,65
b3c00819cc192c93b295e53cc5df37ce.json,NtDuplicateObject,RegCloseKey,CopyFileW,GetNativeSystemInfo,GetShortPathNameW,GetSystemInfo,IsDebuggerPresent,GetSystemWindowsDirectoryW,NtClose,NtOpenProcess,RegQueryValueExW,NtMapViewOfSection,GetVolumePathNamesForVolumeNameW,GetSystemMetrics,RegOpenKeyExW,NtDelayExecution,ShellExecuteExW,NtAllocateVirtualMemory,ReadProcessMemory,RegOpenKeyExA,DeleteFileW,NtOpenDirectoryObject,RtlDecompressBuffer,LdrUnloadDll,SHGetFolderPathW,NtUnmapViewOfSection,CoCreateInstance,GetSystemDirectoryW,SetUnhandledExceptionFilter,NtFreeVirtualMemory,GetVolumeNameForVolumeMountPointW,GetSystemTimeAsFileTime,NtTerminateProcess,NtCreateMutant,NtProtectVirtualMemory,CoInitializeEx,LdrGetDllHandle,NtCreateSection,LoadStringW,NtOpenKey,LdrGetProcedureAddress,SetFileAttributesW,LdrLoadDll,NtCreateFile,CreateProcessInternalW,NtQueryValueKey
0,6,31,1,1,1,2,1,7,67,1,10,3,8,16,18,128,1,30,1,1,1,1,1,3,1,5,3,1,2,3,3,2,3,3,7,2,44,2,1,3,157,1,11,2,2,3
b5ce3a994378b15278d5f78410393471.json,NtQueryValueKey,NtOpenKey,NtResumeThread,NtReadFile,WriteProcessMemory,NtSetContextThread,GetFileSize,NtUnmapViewOfSection,LdrGetProcedureAddress,NtDelayExecution,RegOpenKeyExA,NtGetContextThread,NtCreateFile,NtClose,NtAllocateVirtualMemory,LdrLoadDll,NtTerminateProcess,CreateProcessInternalW,RtlDecompressBuffer,NtFreeVirtualMemory
0,1,1,1,1,7,1,1,1,10036,1,10001,1,1,14,5,10002,3,1,1,2
bb312126da8010e571d6691c8ff3ce2b.json,NtDuplicateObject,RegCloseKey,CopyFileW,GetNativeSystemInfo,GetShortPathNameW,GetSystemInfo,RegQueryValueExA,GetSystemWindowsDirectoryW,NtQueryValueKey,RegQueryValueExW,NtFreeVirtualMemory,GetVolumePathNamesForVolumeNameW,GetSystemMetrics,NtMapViewOfSection,RegOpenKeyExW,NtDelayExecution,ShellExecuteExW,NtAllocateVirtualMemory,RegOpenKeyExA,DeleteFileW,LdrGetDllHandle,LdrUnloadDll,NtReadFile,SHGetFolderPathW,CreateThread,NtUnmapViewOfSection,SetFilePointer,GetSystemDirectoryW,SetUnhandledExceptionFilter,FindResourceExW,NtCreateFile,GetVolumeNameForVolumeMountPointW,GetSystemTimeAsFileTime,NtTerminateProcess,NtCreateMutant,NtProtectVirtualMemory,CoInitializeEx,NtCreateSection,LoadStringW,NtOpenKey,LdrGetProcedureAddress,NtOpenDirectoryObject,SetFileAttributesW,LdrLoadDll,LookupPrivilegeValueW,CreateProcessInternalW,NtClose
0,5,38,1,1,1,2,2,7,3,11,7,8,3,1,19,22,1,12,3,1,10,3,2,8,1,5,2,2,1,1,3,3,3,3,2,7,1,1,3,3,187,1,1,18,1,2,62
c0721e9ec8101b1781bc3c520668aaa6.json,RegCloseKey,GetSystemInfo,RegQueryValueExA,NtClose,RegCreateKeyExA,NtOpenProcess,NtMapViewOfSection,GetSystemMetrics,RegOpenKeyExW,SetErrorMode,NtAllocateVirtualMemory,ReadProcessMemory,RegOpenKeyExA,LdrGetDllHandle,GetCursorPos,CoCreateInstance,__exception__,NtCreateMutant,CoInitializeEx,NtCreateSection,SetWindowsHookExA,NtOpenKey,LdrGetProcedureAddress,RegSetValueExA,LdrLoadDll,FindResourceA,CreateProcessInternalW,NtQueryValueKey
0,2,1,13,7,3,1,1,13,1,2,3,5,1,2,1,1,1,1,1,1,1,2,6,6,2,2,1,2
c63e407af758ec6f0dadb11413b0826d.json,__exception__,CreateProcessInternalW
0,1,1
d37b597b798077359c723f6536a04eee.json,NtDuplicateObject,RegCloseKey,CopyFileW,GetNativeSystemInfo,GetShortPathNameW,GetSystemInfo,GetSystemWindowsDirectoryW,NtQueryValueKey,FindWindowA,RegQueryValueExW,NtFreeVirtualMemory,GetVolumePathNamesForVolumeNameW,GetSystemMetrics,NtMapViewOfSection,SizeofResource,CreateActCtxW,RegOpenKeyExW,NtDelayExecution,ShellExecuteExW,NtAllocateVirtualMemory,RegOpenKeyExA,DeleteFileW,LdrGetDllHandle,LdrUnloadDll,NtReadFile,LoadStringW,SHGetFolderPathW,CreateThread,NtUnmapViewOfSection,SetFilePointer,GetSystemDirectoryW,SetUnhandledExceptionFilter,FindResourceExW,NtCreateFile,GetVolumeNameForVolumeMountPointW,GetSystemTimeAsFileTime,NtTerminateProcess,NtCreateMutant,NtProtectVirtualMemory,CoInitializeEx,NtCreateSection,GetTimeZoneInformation,NtOpenKey,LoadResource,LdrGetProcedureAddress,SetFileAttributesW,LdrLoadDll,LookupPrivilegeValueW,FindResourceA,CreateProcessInternalW,NtClose
0,5,33,1,1,1,1,7,3,1,8,6,8,3,1,86,1,15,22,1,31,1,1,23,3,2,3,8,1,5,2,2,2,1,3,3,9,3,2,1,1,1,1,3,86,201,1,18,1,86,2,64
d5a0c3c9cbd4164710bdf16fbd044687.json,NtDuplicateObject,RegCloseKey,CopyFileW,GetNativeSystemInfo,GetShortPathNameW,GetSystemInfo,RegQueryValueExA,GetSystemWindowsDirectoryW,NtQueryValueKey,RegQueryValueExW,NtFreeVirtualMemory,GetVolumePathNamesForVolumeNameW,GetSystemMetrics,NtMapViewOfSection,SizeofResource,CreateActCtxW,RegOpenKeyExW,NtDelayExecution,NtDeviceIoControlFile,NtAllocateVirtualMemory,RegOpenKeyExA,DeleteFileW,LdrGetDllHandle,LdrUnloadDll,NtQuerySystemInformation,RtlRemoveVectoredExceptionHandler,NtReadFile,SHGetFolderPathW,CreateThread,NtUnmapViewOfSection,SetFilePointer,GetSystemDirectoryW,SetUnhandledExceptionFilter,FindResourceExW,NtCreateFile,GetVolumeNameForVolumeMountPointW,GetSystemTimeAsFileTime,GlobalMemoryStatusEx,NtTerminateProcess,NtCreateMutant,NtProtectVirtualMemory,CoInitializeEx,NtCreateSection,LoadStringW,NtOpenKey,LoadResource,LdrGetProcedureAddress,ShellExecuteExW,NtOpenDirectoryObject,SetFileAttributesW,LdrLoadDll,LookupPrivilegeValueW,FindResourceA,CreateProcessInternalW,NtClose
0,6,39,1,1,1,2,3,7,7,11,3,8,3,1,50,1,20,22,1,24,4,1,22,3,1,4094,2,8,1,5,2,2,2,1,3,3,4,1,3,2,1,1,1,3,8,50,200,1,1,1,19,1,50,2,67
d85f2ff7c5868b4733e1fa25502e9887.json,NtDuplicateObject,RegCloseKey,CopyFileW,GetNativeSystemInfo,GetShortPathNameW,GetSystemInfo,RegQueryValueExA,IsDebuggerPresent,GetSystemWindowsDirectoryW,NtClose,NtOpenProcess,RegQueryValueExW,NtMapViewOfSection,GetVolumePathNamesForVolumeNameW,GetSystemMetrics,RegOpenKeyExW,NtDelayExecution,ShellExecuteExW,NtAllocateVirtualMemory,RegOpenKeyExA,DeleteFileW,LdrGetDllHandle,LdrUnloadDll,SHGetFolderPathW,NtUnmapViewOfSection,CoCreateInstance,GetSystemDirectoryW,SetUnhandledExceptionFilter,NtFreeVirtualMemory,GetVolumeNameForVolumeMountPointW,GetSystemTimeAsFileTime,NtTerminateProcess,NtCreateMutant,NtProtectVirtualMemory,CoInitializeEx,NtCreateSection,LoadStringW,NtOpenKey,LdrGetProcedureAddress,SetFileAttributesW,LdrLoadDll,NtCreateFile,CreateProcessInternalW,NtQueryValueKey
0,5,33,1,1,1,1,2,1,7,67,1,9,3,8,16,17,140,1,26,3,1,9,3,1,5,3,1,1,6,3,3,3,3,7,2,2,1,3,182,1,20,2,2,3
da0f578d8a4315f1c1cac2fa34482d77.json,NtDuplicateObject,RegCloseKey,CopyFileW,LdrUnloadDll,GetShortPathNameW,GetSystemInfo,GetSystemWindowsDirectoryW,NtClose,RegQueryValueExW,NtMapViewOfSection,GetVolumePathNamesForVolumeNameW,GetSystemMetrics,RegOpenKeyExW,NtDelayExecution,ShellExecuteExW,NtAllocateVirtualMemory,RegOpenKeyExA,DeleteFileW,LdrGetDllHandle,NtFreeVirtualMemory,NtReadFile,SHGetFolderPathW,CreateThread,NtUnmapViewOfSection,SetFilePointer,GetSystemDirectoryW,SetUnhandledExceptionFilter,FindResourceExW,NtCreateFile,GetVolumeNameForVolumeMountPointW,GetSystemTimeAsFileTime,NtTerminateProcess,NtProtectVirtualMemory,CoInitializeEx,NtCreateSection,LoadStringW,NtOpenKey,LdrGetProcedureAddress,SetFileAttributesW,LdrLoadDll,LookupPrivilegeValueW,CreateProcessInternalW,NtQueryValueKey
0,5,31,1,2,1,1,1,63,6,1,8,3,13,22,1,13,1,1,11,6,2,8,1,5,2,1,1,1,3,3,2,3,6,1,1,2,1,187,1,17,1,2,1
e1cc300cb6cbf6c70d6b38633749d5b9.json,LdrUnloadDll,WriteProcessMemory,NtSetContextThread,GetSystemInfo,UnhookWindowsHookEx,NtResumeThread,NtTerminateProcess,NtQueryValueKey,NtOpenProcess,NtMapViewOfSection,GetSystemMetrics,GetFileSize,RegOpenKeyExW,NtDelayExecution,SetErrorMode,NtAllocateVirtualMemory,RegOpenKeyExA,LdrGetDllHandle,RtlDecompressBuffer,GetCursorPos,NtReadFile,CoCreateInstance,NtUnmapViewOfSection,NtCreateFile,NtCreateMutant,CoInitializeEx,NtCreateSection,NtGetContextThread,SetWindowsHookExA,NtOpenKey,NtFreeVirtualMemory,LdrGetProcedureAddress,LdrLoadDll,FindResourceA,CreateProcessInternalW,NtClose
0,2,7,1,1,1,1,3,3,1,1,13,1,1,1,2,7,1,3,1,1,1,2,2,1,1,2,1,1,1,3,2,40,3,2,1,30
e27417c723a341a4c6dd88e350cca761.json,NtDuplicateObject,RegCloseKey,CopyFileW,GetNativeSystemInfo,GetShortPathNameW,GetSystemInfo,RegQueryValueExA,IsDebuggerPresent,LookupPrivilegeValueW,NtClose,NtOpenProcess,RegQueryValueExW,NtMapViewOfSection,GetVolumePathNamesForVolumeNameW,GetSystemMetrics,SizeofResource,CreateActCtxW,RegOpenKeyExW,NtDelayExecution,ShellExecuteExW,NtAllocateVirtualMemory,RegOpenKeyExA,DeleteFileW,LdrGetDllHandle,LdrUnloadDll,SetFilePointer,NtReadFile,SHGetFolderPathW,NtUnmapViewOfSection,CoCreateInstance,GetSystemDirectoryW,NtOpenKey,SetUnhandledExceptionFilter,__exception__,NtFreeVirtualMemory,GetVolumeNameForVolumeMountPointW,GetSystemTimeAsFileTime,NtTerminateProcess,NtCreateMutant,NtProtectVirtualMemory,CoInitializeEx,NtCreateSection,GetTimeZoneInformation,LoadStringW,LoadResource,LdrGetProcedureAddress,LdrLoadDll,NtCreateFile,GetSystemWindowsDirectoryW,FindResourceA,CreateProcessInternalW,NtQueryValueKey
0,5,36,1,1,1,1,2,1,1,64,1,9,2,8,16,61,1,17,14,1,32,3,1,24,3,2,2,8,5,3,1,1,2,40,7,3,12032,3,3,41,2,1,1,3,61,191,17,2,6,61,2,1
f3b12a197d732cda29d6d9e698ea58bf.json,LdrUnloadDll,WriteProcessMemory,NtSetContextThread,GetSystemInfo,FindResourceW,GetSystemWindowsDirectoryW,NtClose,NtOpenProcess,NtMapViewOfSection,GetSystemMetrics,RegOpenKeyExW,NtAllocateVirtualMemory,LdrGetDllHandle,NtResumeThread,CoCreateInstance,NtUnmapViewOfSection,NtQueryDirectoryFile,SetUnhandledExceptionFilter,NtCreateFile,FindFirstFileExW,NtCreateMutant,CoInitializeEx,NtCreateSection,NtGetContextThread,NtOpenKey,LdrGetProcedureAddress,LdrLoadDll,NtTerminateProcess,CreateProcessInternalW,NtQueryValueKey
0,1,5,1,1,1,1,35,1,2,13,1,6,10,1,3,2,3,1,1,1,1,2,2,1,6,14,3,3,1,5
ff5afcd8509b0e94a0577095bceeac70.json,NtDuplicateObject,RegCloseKey,CopyFileW,GetNativeSystemInfo,GetShortPathNameW,GetSystemInfo,GetSystemWindowsDirectoryW,NtQueryValueKey,RegQueryValueExW,NtFreeVirtualMemory,GetVolumePathNamesForVolumeNameW,GetSystemMetrics,NtMapViewOfSection,SizeofResource,CreateActCtxW,RegOpenKeyExW,NtDelayExecution,ShellExecuteExW,NtAllocateVirtualMemory,RegOpenKeyExA,DeleteFileW,LdrGetDllHandle,LdrUnloadDll,NtReadFile,LoadStringW,SHGetFolderPathW,CreateThread,NtUnmapViewOfSection,SetFilePointer,GetSystemDirectoryW,SetUnhandledExceptionFilter,FindResourceExW,NtCreateFile,GetVolumeNameForVolumeMountPointW,GetSystemTimeAsFileTime,NtTerminateProcess,NtCreateMutant,NtProtectVirtualMemory,CoInitializeEx,NtCreateSection,GetTimeZoneInformation,NtOpenKey,LoadResource,LdrGetProcedureAddress,SetFileAttributesW,LdrLoadDll,LookupPrivilegeValueW,FindResourceA,CreateProcessInternalW,NtClose
0,5,33,1,1,1,1,7,3,8,3,8,3,1,29,1,15,22,1,28,1,1,23,3,2,3,8,1,5,2,2,2,1,3,3,10,3,2,1,1,1,1,3,29,201,1,18,1,29,2,67
no virustotal.json,LdrUnloadDll,WriteProcessMemory,NtSetContextThread,GetSystemInfo,FindResourceW,GetSystemWindowsDirectoryW,NtClose,NtOpenProcess,NtMapViewOfSection,GetSystemMetrics,RegOpenKeyExW,NtAllocateVirtualMemory,LdrGetDllHandle,NtResumeThread,CoCreateInstance,NtUnmapViewOfSection,NtQueryDirectoryFile,SetUnhandledExceptionFilter,NtCreateFile,FindFirstFileExW,NtCreateMutant,CoInitializeEx,NtCreateSection,NtGetContextThread,NtOpenKey,LoadResource,LdrGetProcedureAddress,LdrLoadDll,NtTerminateProcess,CreateProcessInternalW,NtQueryValueKey
0,1,6,1,1,1,1,32,1,2,13,1,6,11,1,3,2,3,1,1,1,1,2,2,1,6,1,15,3,3,1,5
